,ctrails_number,ctrails_letter,ctrails_number-letter,trails_number,trails_letter,trails_number-letter
ctrails_number,1.0,0.66948410935,0.525569879621,0.429095876377,0.405617689746,0.42875437548
ctrails_letter,0.66948410935,1.0,0.652579454162,0.490960705326,0.525324966502,0.493393951149
ctrails_number-letter,0.525569879621,0.652579454162,1.0,0.553487577905,0.599846324597,0.529326389482
trails_number,0.429095876377,0.490960705326,0.553487577905,1.0,0.685050798258,0.402629556903
trails_letter,0.405617689746,0.525324966502,0.599846324597,0.685050798258,1.0,0.497652181337
trails_number-letter,0.42875437548,0.493393951149,0.529326389482,0.402629556903,0.497652181337,1.0
